age,birth_date,data_source,first_name,from_year,full_name,height_cm,id,is_active,last_name,position,to_year,weight_kg
29,1996-05-04,api_cached,Jaylen,2018,Jaylen Adams,182,1629121,False,Adams,G,2020,102
29,1997-02-01,api_cached,Deng,2018,Deng Adel,200,1629061,False,Adel,F,2018,90
32,1993-06-05,api_cached,DeVaughn,2018,DeVaughn Akoon-Purcell,198,1629152,False,Akoon-Purcell,G-F,2018,90
30,1995-11-16,api_cached,Cliff,2015,Cliff Alexander,203,1626146,False,Alexander,F,2015,108
29,1996-10-21,api_cached,Kyle,2019,Kyle Alexander,208,1629734,False,Alexander,F-C,2019,97
22,2003-05-02,api_cached,Trey,2024,Trey Alexander,195,1641725,True,Alexander,G,2025,83
27,1998-07-16,api_cached,Ty-Shon,2020,Ty-Shon Alexander,190,1630234,False,Alexander,G,2020,88
28,1997-10-29,api_cached,Rawle,2018,Rawle Alkins,195,1628959,False,Alkins,G,2018,102
33,1993-01-15,api_cached,Kadeem,2017,Kadeem Allen,185,1628443,False,Allen,G,2019,90
26,2000-01-09,api_cached,Timmy,2023,Timmy Allen,198,1641851,False,Allen,F,2023,95
32,1993-11-19,api_cached,Justin,2015,Justin Anderson,195,1626147,False,Anderson,F-G,2021,104
27,1998-10-16,api_cached,Ike,2017,Ike Anigbogu,208,1628387,False,Anigbogu,C,2018,113
24,2001-08-27,api_cached,Alex,2025,Alex Antetokounmpo,203,1630828,True,Antetokounmpo,F,2025,97
28,1997-11-20,api_cached,Kostas,2018,Kostas Antetokounmpo,208,1628961,False,Antetokounmpo,F,2020,90
31,1994-03-26,api_cached,Ryan,2017,Ryan Arcidiacono,190,1627853,False,Arcidiacono,G,2023,88
24,2002-01-15,api_cached,Taran,2024,Taran Armstrong,195,1642379,False,Armstrong,G,2024,86
33,1993-01-12,api_cached,Jamel,2017,Jamel Artis,200,1628503,False,Artis,G,2017,96
25,2000-03-05,api_cached,Joel,2021,Joel Ayayi,193,1630555,False,Ayayi,G,2021,81
30,1995-08-30,api_cached,Dwayne,2017,Dwayne Bacon,198,1628407,False,Bacon,G-F,2020,100
24,2001-10-23,api_cached,Marcus,2024,Marcus Bagley,198,1630542,False,Bagley,F,2024,98
19,2006-08-13,api_cached,Ace,2025,Ace Bailey,205,1642846,True,Bailey,F,2025,90
32,1993-03-30,api_cached,Ron,2016,Ron Baker,193,1627758,False,Baker,G,2018,99
29,1996-03-29,api_cached,Wade,2016,Wade Baldwin IV,193,1627735,False,Baldwin IV,G,2018,90
31,1994-07-25,api_cached,Cat,2021,Cat Barber,185,1627760,False,Barber,G,2021,78
23,2002-03-02,api_cached,Brooks,2025,Brooks Barnhizer,195,1642964,True,Barnhizer,G,2025,104
30,1995-08-29,api_cached,Paris,2021,Paris Bass,203,1628238,False,Bass,F,2021,90
22,2003-02-21,api_cached,Tamar,2025,Tamar Bates,193,1642926,True,Bates,G,2025,88
24,2001-05-10,api_cached,Jamison,2024,Jamison Battle,200,1642419,True,Battle,F,2025,99
25,2000-08-03,api_cached,Damion,2024,Damion Baugh,193,1641878,False,Baugh,G,2024,87
24,2001-10-08,api_cached,Reece,2024,Reece Beekman,190,1641736,False,Beekman,G,2024,86
31,1995-01-07,api_cached,Jordan,2017,Jordan Bell,200,1628395,False,Bell,F,2021,97
31,1994-07-04,api_cached,DeAndre',2016,DeAndre' Bembry,195,1627761,False,Bembry,G-F,2021,95
28,1997-11-17,api_cached,Dragan,2016,Dragan Bender,213,1627733,False,Bender,F,2019,112
30,1995-03-29,api_cached,Ben,2016,Ben Bentil,205,1627791,False,Bentil,F,2016,106
19,2006-11-11,api_cached,Joan,2025,Joan Beringer,210,1642866,True,Beringer,F,2025,104
36,1989-09-09,api_cached,Dairis,2018,Dairis Bertans,193,1629541,False,Bertans,G,2018,90
27,1998-02-10,api_cached,Tyler,2020,Tyler Bey,200,1630189,False,Bey,F,2020,97
47,1978-05-13,api_cached,Mike,1998,Mike Bibby,187,1710,False,Bibby,G,2011,88
31,1994-07-03,api_cached,Jabari,2017,Jabari Bird,198,1628444,False,Bird,G,2017,89
29,1996-10-04,api_cached,Antonio,2017,Antonio Blakeney,193,1628469,False,Blakeney,G,2018,87
30,1995-11-24,api_cached,Keljin,2020,Keljin Blevins,193,1629833,False,Blevins,G,2021,90
32,1993-09-16,api_cached,Jaron,2018,Jaron Blossomgame,203,1628417,False,Blossomgame,F,2018,99
31,1994-11-04,api_cached,Trevon,2018,Trevon Bluiett,198,1629129,False,Bluiett,G-F,2018,89
30,1996-01-02,api_cached,Jonah,2018,Jonah Bolden,203,1628413,False,Bolden,F,2019,102
25,2000-09-11,api_cached,Leandro,2021,Leandro Bolmaro,198,1630195,False,Bolmaro,F,2022,90
32,1994-01-28,api_cached,Joel,2016,Joel Bolomboy,205,1627762,False,Bolomboy,F-C,2017,106
22,2003-03-28,api_cached,Adem,2024,Adem Bona,208,1641737,True,Bona,F,2025,106
28,1997-11-05,api_cached,Jordan,2019,Jordan Bone,187,1629648,False,Bone,G,2020,81
26,1999-11-08,api_cached,Isaac,2018,Isaac Bonga,203,1629067,False,Bonga,G,2021,81
25,2000-09-18,api_cached,James,2021,James Bouknight,193,1630547,False,Bouknight,G,2023,86
27,1998-10-02,api_cached,Brian,2019,Brian Bowen II,198,1628968,False,Bowen II,F-G,2020,86
28,1997-06-16,api_cached,Ky,2019,Ky Bowman,185,1629065,False,Bowman,G,2019,84
28,1998-01-08,api_cached,Tony,2017,Tony Bradley,208,1628396,True,Bradley,C-F,2025,112
29,1996-06-07,api_cached,Jarrell,2019,Jarrell Brantley,195,1629714,False,Brantley,F,2022,113
27,1999-01-08,api_cached,Ignas,2019,Ignas Brazdeikis,198,1629649,False,Brazdeikis,F,2021,100
23,2002-11-06,api_cached,Koby,2025,Koby Brea,195,1642886,True,Brea,G,2025,97
24,2001-05-14,api_cached,Jalen,2024,Jalen Bridges,203,1641779,False,Bridges,F,2024,102
31,1994-02-11,api_cached,Amida,2020,Amida Brimah,208,1628578,False,Brimah,C,2020,104
29,1996-04-13,api_cached,Isaiah,2018,Isaiah Briscoe,190,1628515,False,Briscoe,G,2018,97
26,1999-07-12,api_cached,Izaiah,2023,Izaiah Brockington,193,1631167,False,Brockington,G,2023,88
35,1990-08-23,api_cached,Ryan,2018,Ryan Broekhoff,198,1629151,False,Broekhoff,G-F,2019,97
27,1998-06-05,api_cached,Armoni,2020,Armoni Brooks,190,1629717,False,Brooks,G,2023,88
25,2000-08-07,api_cached,Keion,2024,Keion Brooks Jr.,200,1631232,False,Brooks Jr.,F,2024,95
23,2002-07-19,api_cached,Johni,2025,Johni Broome,208,1641780,True,Broome,F,2025,106
33,1992-10-10,api_cached,Anthony,2015,Anthony Brown,200,1626148,False,Brown,F-G,2017,101
30,1995-02-10,api_cached,Sterling,2017,Sterling Brown,195,1628425,False,Brown,G-F,2022,99
27,1998-12-04,api_cached,Chaundee,2021,Chaundee Brown Jr.,195,1630602,False,Brown Jr.,F,2021,97
32,1993-03-02,api_cached,Nicolas,2016,Nicolas Brussino,203,1627852,False,Brussino,F,2017,88
20,2005-11-26,api_cached,Carter,2025,Carter Bryant,198,1642868,True,Bryant,F,2025,99
30,1995-04-19,api_cached,Elijah,2020,Elijah Bryant,195,1629091,False,Bryant,G,2020,95
29,1997-01-30,api_cached,Shaq,2021,Shaq Buchanan,190,1629783,False,Buchanan,G,2021,86
32,1994-01-31,api_cached,Deonte,2018,Deonte Burton,193,1629126,False,Burton,G-F,2022,108
23,2002-12-04,api_cached,John,2022,John Butler Jr.,213,1631219,False,Butler Jr.,F,2022,86
21,2004-10-13,api_cached,Matas,2023,Matas Buzelis,203,1641824,True,Buzelis,F,2025,88
29,1996-10-08,api_cached,Devontae,2019,Devontae Cacok,200,1629719,False,Cacok,F,2021,108
34,1991-03-23,api_cached,Facundo,2020,Facundo Campazzo,177,1630267,False,Campazzo,G,2022,88
29,1996-05-21,api_cached,Devin,2020,Devin Cannady,187,1629962,False,Cannady,G,2021,83
24,2001-12-16,api_cached,Dylan,2025,Dylan Cardwell,208,1642928,True,Cardwell,C,2025,115
24,2001-02-25,api_cached,Vernon,2020,Vernon Carey Jr.,208,1630176,False,Carey Jr.,C,2022,122
26,1999-06-14,api_cached,Branden,2024,Branden Carlson,213,1642382,True,Carlson,C,2025,99
20,2005-07-21,api_cached,Bub,2024,Bub Carrington,193,1642267,True,Carrington,G,2025,86
23,2002-03-18,api_cached,Devin,2024,Devin Carter,187,1642269,True,Carter,G,2025,88
21,2004-11-01,api_cached,Stephon,2024,Stephon Castle,198,1642264,True,Castle,G,2025,97
32,1993-08-18,api_cached,Willie,2015,Willie Cauley-Stein,213,1626161,False,Cauley-Stein,C,2022,108
30,1995-11-29,api_cached,Troy,2018,Troy Caupain,193,1628505,False,Caupain,G,2018,95
31,1994-02-09,api_cached,Tyler,2017,Tyler Cavanaugh,205,1628463,False,Cavanaugh,F,2018,107
29,1996-09-12,api_cached,Ahmad,2021,Ahmad Caver,187,1629958,False,Caver,G,2021,78
24,2001-08-27,api_cached,Malcolm,2023,Malcolm Cazalon,198,1630608,False,Cazalon,G,2023,83
23,2002-09-16,api_cached,Kennedy,2022,Kennedy Chandler,180,1631113,False,Chandler,G,2022,77
30,1995-11-01,api_cached,Joe,2018,Joe Chealey,193,1629147,False,Chealey,G,2019,86
30,1995-11-17,api_cached,Zylan,2019,Zylan Cheatham,195,1629597,False,Cheatham,F,2021,99
30,1995-11-21,api_cached,Chris,2018,Chris Chiozza,180,1629185,False,Chiozza,G,2021,79
20,2005-12-30,api_cached,Ulrich,2024,Ulrich Chomche,210,1642279,False,Chomche,C,2024,106
28,1997-07-02,api_cached,Marquese,2016,Marquese Chriss,205,1627737,False,Chriss,F,2021,108
20,2005-07-24,api_cached,Cam,2024,Cam Christie,195,1642353,True,Christie,G,2025,86
34,1991-12-01,api_cached,Rakeem,2015,Rakeem Christmas,205,1626176,False,Christmas,F,2016,113
24,2001-12-08,api_cached,Josh,2021,Josh Christopher,193,1630528,False,Christopher,G,2024,97
23,2002-09-10,api_cached,Moussa,2025,Moussa Cisse,210,1630619,True,Cisse,C,2025,99
31,1994-11-16,api_cached,Gary,2018,Gary Clark,198,1629109,False,Clark,F,2021,102
33,1992-07-04,api_cached,Coty,2015,Coty Clarke,200,1626262,False,Clarke,F,2015,102
32,1993-11-26,api_cached,Gian,2017,Gian Clavell,193,1628492,False,Clavell,G,2017,83
22,2003-03-06,api_cached,Walter,2025,Walter Clayton Jr.,193,1642383,True,Clayton Jr.,G,2025,88
28,1997-07-23,api_cached,Chris,2019,Chris Clemons,175,1629598,False,Clemons,G,2019,81
32,1994-02-02,api_cached,Antonius,2017,Antonius Cleveland,195,1628499,False,Cleveland,G,2019,88
23,2002-02-09,api_cached,Nique,2025,Nique Clifford,195,1642363,True,Clifford,G,2025,79
21,2004-02-23,api_cached,Donovan,2024,Donovan Clingan,218,1642270,True,Clingan,C,2025,127
21,2004-10-08,api_cached,Isaiah,2024,Isaiah Collier,193,1642268,True,Collier,G,2025,95
24,2001-03-07,api_cached,Yuri,2024,Yuri Collins,182,1641879,False,Collins,G,2024,86
34,1991-10-03,api_cached,Kyle,2017,Kyle Collinsworth,198,1627858,False,Collinsworth,G,2017,95
30,1996-01-12,api_cached,Bonzie,2018,Bonzie Colson,198,1629045,False,Colson,F,2018,102
29,1996-04-14,api_cached,Chance,2022,Chance Comanche,208,1628435,False,Comanche,C,2022,95
32,1993-03-23,api_cached,Quinn,2016,Quinn Cook,185,1626188,False,Cook,G,2020,81
28,1997-09-23,api_cached,Tyler,2019,Tyler Cook,203,1629076,False,Cook,F,2021,115
31,1994-07-01,api_cached,Charles,2017,Charles Cooke,195,1628429,False,Cooke,G,2017,88
26,1999-07-11,api_cached,Javonte,2025,Javonte Cooke,198,1631451,True,Cooke,G,2025,83
30,1995-08-19,api_cached,Xavier,2022,Xavier Cooks,203,1641645,False,Cooks,F,2022,83
24,2001-06-11,api_cached,Sharife,2021,Sharife Cooper,182,1630536,True,Cooper,G,2025,79
30,1995-07-26,api_cached,Petr,2021,Petr Cornelie,210,1627822,False,Cornelie,F,2021,99
32,1993-08-05,api_cached,Matt,2017,Matt Costello,208,1627856,False,Costello,F-C,2017,108
22,2003-09-11,api_cached,Cedric,2025,Cedric Coward,195,1642907,True,Coward,G,2025,93
24,2001-11-01,api_cached,Isaiah,2024,Isaiah Crawford,198,1642384,True,Crawford,F,2025,99
33,1992-04-27,api_cached,Mitchell,2018,Mitchell Creek,198,1628249,False,Creek,F-G,2018,102
26,1999-07-18,api_cached,Jalen,2023,Jalen Crutcher,185,1630622,False,Crutcher,G,2023,79
22,2003-05-28,api_cached,Cui,2024,Cui Cui,195,1642385,False,Cui,F,2024,86
26,1999-02-20,api_cached,Jarrett,2019,Jarrett Culver,198,1629633,False,Culver,G-F,2022,88
28,1997-09-22,api_cached,Jarron,2021,Jarron Cumberland,195,1629600,False,Cumberland,G,2021,92
20,2005-07-27,api_cached,Pacôme,2024,Pacôme Dadiet,205,1642359,True,Dadiet,F,2025,95
24,2001-10-19,api_cached,N'Faly,2024,N'Faly Dante,210,1642368,True,Dante,C,2025,104
27,1998-08-30,api_cached,Nate,2020,Nate Darling,198,1630268,False,Darling,G,2020,90
29,1996-12-02,api_cached,Deyonta,2016,Deyonta Davis,210,1627738,False,Davis,C-F,2018,107
28,1997-05-16,api_cached,Terence,2019,Terence Davis,193,1629056,False,Davis,G,2024,91
28,1997-05-22,api_cached,Tyler,2018,Tyler Davis,208,1629093,False,Davis,C,2018,120
33,1993-02-01,api_cached,Branden,2015,Branden Dawson,198,1626183,False,Dawson,F,2015,102
26,1999-10-20,api_cached,Darius,2022,Darius Days,200,1630620,False,Days,F,2022,111
27,1998-04-07,api_cached,Javin,2021,Javin DeLaurier,208,1629602,False,DeLaurier,C,2021,106
30,1995-02-08,api_cached,Gabriel,2020,Gabriel Deck,198,1630466,False,Deck,F,2021,104
33,1992-08-21,api_cached,Bryce,2015,Bryce Dejean-Jones,198,1626214,False,Dejean-Jones,G,2015,92
31,1994-05-06,api_cached,Sam,2015,Sam Dekker,203,1626155,False,Dekker,F,2021,99
36,1989-03-11,api_cached,Malcolm,2016,Malcolm Delaney,190,1627098,False,Delaney,G,2017,86
31,1994-11-20,api_cached,Angel,2018,Angel Delgado,208,1629116,False,Delgado,C,2018,111
26,1999-02-09,api_cached,Dexter,2023,Dexter Dennis,195,1641926,False,Dennis,G,2023,95
24,2001-03-30,api_cached,RayJ,2024,RayJ Dennis,185,1642484,True,Dennis,G,2025,81
30,1996-02-01,api_cached,Marcus,2018,Marcus Derrickson,200,1629094,False,Derrickson,F,2018,112
29,1996-09-13,api_cached,Cheick,2016,Cheick Diallo,203,1627767,False,Diallo,F-C,2021,99
27,1998-07-31,api_cached,Hamidou,2018,Hamidou Diallo,195,1628977,False,Diallo,G,2023,91
20,2005-04-29,api_cached,Mohamed,2025,Mohamed Diawara,205,1642885,True,Diawara,F,2025,102
25,2000-11-25,api_cached,Hunter,2025,Hunter Dickinson,215,1630621,True,Dickinson,C,2025,115
21,2005-01-04,api_cached,Rob,2024,Rob Dillingham,187,1642265,True,Dillingham,G,2025,79
29,1996-02-18,api_cached,Tyler,2017,Tyler Dorsey,193,1628416,False,Dorsey,G,2022,81
31,1994-05-06,api_cached,Damyean,2017,Damyean Dotson,195,1628422,False,Dotson,G,2021,95
26,1999-08-02,api_cached,Devon,2020,Devon Dotson,185,1629653,False,Dotson,G,2022,83
25,2000-12-23,api_cached,Sekou,2019,Sekou Doumbouya,205,1629635,False,Doumbouya,F,2021,104
32,1993-10-31,api_cached,Milton,2017,Milton Doyle,193,1628495,False,Doyle,G,2017,81
29,1996-10-25,api_cached,PJ,2017,PJ Dozier,198,1628408,False,Dozier,G-F,2024,92
25,2000-12-11,api_cached,Alex,2024,Alex Ducas,200,1642505,False,Ducas,G,2024,99
34,1991-12-04,api_cached,Duje,2015,Duje Dukan,205,1626251,False,Dukan,F,2015,99
23,2003-01-07,api_cached,Ryan,2024,Ryan Dunn,200,1642346,True,Dunn,F,2025,97
27,1998-08-03,api_cached,Trevon,2018,Trevon Duval,187,1628979,False,Duval,G,2018,85
19,2006-03-03,api_cached,Egor,2025,Egor Dëmin,203,1642856,True,Dëmin,G,2025,90
28,1997-04-27,api_cached,Jaime,2021,Jaime Echenique,208,1630693,False,Echenique,C,2021,117
23,2002-05-14,api_cached,Zach,2024,Zach Edey,220,1641744,True,Edey,C,2025,138
20,2005-07-30,api_cached,VJ,2025,VJ Edgecombe,193,1642845,True,Edgecombe,G,2025,81
27,1998-03-12,api_cached,Carsen,2019,Carsen Edwards,180,1629035,False,Edwards,G,2021,90
25,2000-03-18,api_cached,Jesse,2024,Jesse Edwards,213,1642399,False,Edwards,C,2024,107
22,2003-12-16,api_cached,Justin,2024,Justin Edwards,200,1642348,True,Edwards,F,2025,92
29,1997-01-20,api_cached,Rob,2021,Rob Edwards,195,1630306,False,Edwards,G,2021,92
29,1996-04-05,api_cached,Vincent,2018,Vincent Edwards,203,1629053,False,Edwards,F,2018,102
25,2000-06-16,api_cached,CJ,2020,CJ Elleby,198,1629604,False,Elleby,F-G,2021,90
29,1997-01-13,api_cached,Henry,2016,Henry Ellenson,208,1627740,False,Ellenson,F-C,2020,108
19,2006-12-18,api_cached,Noa,2025,Noa Essengue,203,1642855,True,Essengue,F,2025,87
26,1999-09-17,api_cached,Tyson,2024,Tyson Etienne,182,1630623,True,Etienne,G,2025,90
28,1997-06-18,api_cached,Jacob,2018,Jacob Evans,193,1628980,False,Evans,G-F,2019,95
29,1996-07-26,api_cached,Jawun,2017,Jawun Evans,182,1628393,False,Evans,G,2018,86
30,1995-12-10,api_cached,Tacko,2019,Tacko Fall,228,1629605,False,Fall,C,2021,141
19,2006-10-14,api_cached,Jeremiah,2025,Jeremiah Fears,190,1642847,True,Fears,G,2025,86
30,1995-03-29,api_cached,Kay,2016,Kay Felder,175,1627770,False,Felder,G,2017,79
33,1992-07-07,api_cached,Cristiano,2015,Cristiano Felicio,210,1626245,False,Felicio,F-C,2020,122
27,1998-05-17,api_cached,Terrance,2017,Terrance Ferguson,198,1628390,False,Ferguson,G,2020,86
32,1993-05-09,api_cached,Yogi,2016,Yogi Ferrell,182,1627812,False,Ferrell,G,2020,80
59,1966-10-17,api_cached,Danny,1990,Danny Ferry,208,198,False,Ferry,F,2002,106
22,2003-11-07,api_cached,Kyle,2024,Kyle Filipowski,210,1642271,True,Filipowski,C,2025,113
28,1997-07-04,api_cached,Malik,2020,Malik Fitts,195,1630238,False,Fitts,F,2021,104
19,2006-12-21,api_cached,Cooper,2025,Cooper Flagg,205,1642843,True,Flagg,F,2025,92
21,2004-07-10,api_cached,Rasheer,2025,Rasheer Fleming,205,1642853,True,Fleming,F,2025,108
20,2005-03-08,api_cached,Trentyn,2024,Trentyn Flowers,205,1642280,True,Flowers,F,2025,83
32,1993-07-23,api_cached,Bryn,2016,Bryn Forbes,187,1627854,False,Forbes,G,2022,92
28,1997-12-22,api_cached,Aleem,2021,Aleem Ford,203,1630758,False,Ford,F,2021,99
23,2003-01-16,api_cached,Michael,2022,Michael Foster Jr.,203,1630701,False,Foster Jr.,F,2022,113
29,1996-12-18,api_cached,Robert,2020,Robert Franks,200,1629606,False,Franks,F,2020,102
31,1994-03-08,api_cached,Michael,2018,Michael Frazier II,190,1626187,False,Frazier II,G,2019,90
29,1996-08-30,api_cached,Melvin,2018,Melvin Frazier Jr.,195,1628982,False,Frazier Jr.,G-F,2021,97
25,2000-07-29,api_cached,Enrique,2024,Enrique Freeman,205,1642402,True,Freeman,F,2025,99
21,2004-12-08,api_cached,Johnny,2024,Johnny Furphy,203,1642277,True,Furphy,G,2025,90
28,1997-03-26,api_cached,Wenyen,2018,Wenyen Gabriel,205,1629117,False,Gabriel,F,2023,92
24,2001-05-21,api_cached,Myron,2025,Myron Gardner,195,1642066,True,Gardner,F,2025,99
32,1993-05-17,api_cached,Patricio,2016,Patricio Garino,198,1627868,False,Garino,G-F,2016,92
31,1994-10-16,api_cached,Billy,2018,Billy Garrett,198,1628656,False,Garrett,G-F,2018,97
59,1966-11-27,api_cached,Dean,1996,Dean Garrett,210,1051,False,Garrett,C,2001,113
27,1998-11-09,api_cached,Marcus,2021,Marcus Garrett,195,1630585,False,Garrett,G,2024,92
29,1996-11-08,api_cached,Kaiser,2023,Kaiser Gates,200,1629232,False,Gates,F,2023,102
33,1992-06-05,api_cached,Michael,2016,Michael Gbinije,200,1627771,False,Gbinije,G-F,2016,90
22,2003-12-12,api_cached,Kyshawn,2024,Kyshawn George,203,1642273,True,George,F,2025,90
31,1994-03-28,api_cached,Marcus,2016,Marcus Georges-Hunt,195,1627875,False,Georges-Hunt,G,2017,102
38,1987-11-08,api_cached,Jonathan,2016,Jonathan Gibson,187,1626780,False,Gibson,G,2018,83
28,1997-06-14,api_cached,Freddie,2020,Freddie Gillespie,205,1630273,False,Gillespie,C,2021,111
24,2001-05-12,api_cached,Vladislav,2025,Vladislav Goldin,213,1642884,True,Goldin,C,2025,113
20,2006-02-05,api_cached,Hugo,2025,Hugo González,198,1642864,True,González,G,2025,90
30,1995-10-02,api_cached,Brandon,2018,Brandon Goodwin,182,1629164,False,Goodwin,G,2021,81
22,2003-04-14,api_cached,Jazian,2024,Jazian Gortman,187,1641789,False,Gortman,G,2024,83
32,1993-10-28,api_cached,Treveon,2016,Treveon Graham,195,1626203,False,Graham,G-F,2019,99
33,1992-10-09,api_cached,Jerian,2015,Jerian Grant,193,1626170,False,Grant,G,2019,89
30,1995-03-19,api_cached,Donte,2018,Donte Grantham,203,1629055,False,Grantham,F,2018,97
29,1996-07-16,api_cached,Hassani,2021,Hassani Gravett,187,1629755,False,Gravett,G,2021,84
32,1993-09-09,api_cached,Josh,2017,Josh Gray,182,1627982,False,Gray,G,2019,81
30,1995-03-08,api_cached,Marko,2019,Marko Guduric,198,1629741,False,Guduric,G,2019,91
28,1997-08-11,api_cached,Kyle,2019,Kyle Guy,185,1629657,False,Guy,G,2021,75
30,1995-07-07,api_cached,Devon,2019,Devon Hall,195,1628985,False,Hall,G,2019,97
28,1997-08-07,api_cached,Donta,2019,Donta Hall,208,1629743,False,Hall,C,2020,104
24,2002-01-14,api_cached,Jordan,2022,Jordan Hall,200,1631160,False,Hall,G,2022,97
25,2000-10-08,api_cached,Josh,2020,Josh Hall,205,1630221,False,Hall,F,2020,86
23,2002-02-21,api_cached,PJ,2024,PJ Hall,203,1641790,True,Hall,C,2025,111
28,1997-03-25,api_cached,Tyler,2021,Tyler Hall,195,1629788,False,Hall,G,2021,94
30,1995-08-08,api_cached,Daniel,2017,Daniel Hamilton,200,1627772,False,Hamilton,G-F,2018,88
33,1992-08-27,api_cached,AJ,2016,AJ Hammons,213,1627773,False,Hammons,C,2016,117
25,2001-02-07,api_cached,R.J.,2020,R.J. Hampton,193,1630181,False,Hampton,G,2023,79
32,1993-09-02,api_cached,Dusty,2018,Dusty Hannahs,190,1628605,False,Hannahs,G,2019,95
26,2000-02-03,api_cached,Elijah,2024,Elijah Harkless,190,1641989,True,Harkless,G,2025,88
19,2006-03-02,api_cached,Dylan,2025,Dylan Harper,195,1642844,True,Harper,G,2025,97
28,1997-09-14,api_cached,Jared,2019,Jared Harper,177,1629607,False,Harper,G,2021,79
25,2000-04-12,api_cached,Ron,2022,Ron Harper Jr.,195,1631199,True,Harper Jr.,G-F,2025,105
32,1994-01-26,api_cached,Montrezl,2015,Montrezl Harrell,200,1626149,False,Harrell,F-C,2022,108
27,1998-08-14,api_cached,Jalen,2020,Jalen Harris,195,1630223,False,Harris,G,2020,88
31,1994-10-28,api_cached,Aaron,2015,Aaron Harrison,198,1626151,False,Harrison,G,2017,95
31,1994-10-28,api_cached,Andrew,2016,Andrew Harrison,198,1626150,False,Harrison,G,2018,96
32,1993-10-06,api_cached,Shaquille,2017,Shaquille Harrison,193,1627885,False,Harrison,G,2023,88
24,2001-07-27,api_cached,Killian,2020,Killian Hayes,195,1630165,False,Hayes,G,2024,88
31,1994-12-16,api_cached,Nigel,2017,Nigel Hayes-Davis,200,1628502,True,Hayes-Davis,F,2025,115
26,1999-08-30,api_cached,Aaron,2021,Aaron Henry,195,1630565,False,Henry,F,2021,95
33,1992-12-23,api_cached,Myke,2017,Myke Henry,198,1627988,False,Henry,F,2017,95
22,2003-02-09,api_cached,Chucky,2025,Chucky Hepburn,182,1642935,True,Hepburn,G,2025,86
29,1996-12-09,api_cached,Dewan,2019,Dewan Hernandez,208,1629608,False,Hernandez,C-F,2019,106
30,1995-09-28,api_cached,Juancho,2016,Juancho Hernangomez,205,1627823,False,Hernangomez,F,2022,97
31,1994-05-27,api_cached,Willy,2016,Willy Hernangomez,210,1626195,False,Hernangomez,C-F,2022,113
29,1996-07-09,api_cached,Kevin,2019,Kevin Hervey,205,1628987,False,Hervey,F,2019,104
30,1995-02-25,api_cached,Mario,2015,Mario Hezonja,203,1626209,False,Hezonja,F-G,2019,99
31,1994-07-24,api_cached,Isaiah,2017,Isaiah Hicks,205,1628439,False,Hicks,F,2018,104
32,1993-04-13,api_cached,Darrun,2015,Darrun Hilliard,198,1626199,False,Hilliard,G,2017,99
26,1999-03-30,api_cached,Jaylen,2019,Jaylen Hoard,203,1629658,False,Hoard,F,2021,97
27,1998-12-20,api_cached,D'Moi,2023,D'Moi Hodge,190,1641793,False,Hodge,G,2023,85
20,2005-07-07,api_cached,Ronald,2023,Ronald Holland II,203,1641842,True,Holland II,F,2025,93
31,1995-01-03,api_cached,Rondae,2015,Rondae Hollis-Jefferson,198,1626178,False,Hollis-Jefferson,F,2020,98
23,2002-08-15,api_cached,DaRon,2024,DaRon Holmes II,205,1641747,True,Holmes II,F,2025,102
29,1996-11-27,api_cached,Caleb,2020,Caleb Homesley,198,1630258,False,Homesley,G,2020,92
32,1993-06-07,api_cached,Danuel,2016,Danuel House Jr.,198,1627863,False,House Jr.,F-G,2023,99
26,1999-03-03,api_cached,Markus,2020,Markus Howard,177,1630210,False,Howard,G,2021,79
32,1993-10-25,api_cached,William,2019,William Howard,203,1629739,False,Howard,F-G,2019,93
26,1999-03-23,api_cached,Trevor,2022,Trevor Hudgins,182,1631309,False,Hudgins,G,2022,81
42,1983-05-25,api_cached,Marcelo,2015,Marcelo Huertas,190,1626273,False,Huertas,G,2016,90
27,1998-03-10,api_cached,Elijah,2020,Elijah Hughes,195,1630190,False,Hughes,G,2021,97
23,2002-04-12,api_cached,Ariel,2024,Ariel Hukporti,213,1630574,True,Hukporti,C,2025,111
28,1998-01-05,api_cached,Isaac,2018,Isaac Humphries,213,1629353,False,Humphries,C,2018,117
26,1999-07-05,api_cached,Feron,2021,Feron Hunt,203,1630624,False,Hunt,F,2021,88
32,1993-10-24,api_cached,RJ,2015,RJ Hunter,195,1626154,False,Hunter,G,2018,83
31,1994-08-05,api_cached,Vincent,2017,Vincent Hunter,203,1626205,False,Hunter,F,2017,94
25,2000-04-20,api_cached,Matt,2023,Matt Hurt,205,1630562,False,Hurt,F,2023,105
29,1996-04-26,api_cached,Chandler,2018,Chandler Hutchison,198,1628990,False,Hutchison,F-G,2021,95
23,2002-07-14,api_cached,Oso,2024,Oso Ighodaro,210,1642345,True,Ighodaro,F,2025,106
23,2002-11-27,api_cached,Harrison,2024,Harrison Ingram,195,1631127,True,Ingram,F,2025,104
50,1975-06-07,api_cached,Allen,1996,Allen Iverson,182,947,False,Iverson,G,2009,74
31,1994-12-20,api_cached,Wes,2017,Wes Iwundu,198,1628411,False,Iwundu,F,2021,88
39,1986-05-06,api_cached,Aaron,2017,Aaron Jackson,190,1628935,False,Jackson,G,2017,83
31,1994-09-07,api_cached,Demetrius,2016,Demetrius Jackson,185,1627743,False,Jackson,G,2018,91
27,1998-05-04,api_cached,Frank,2017,Frank Jackson,190,1628402,False,Jackson,G,2022,92
28,1997-02-10,api_cached,Josh,2017,Josh Jackson,203,1628367,False,Jackson,G-F,2021,93
30,1995-03-28,api_cached,Justin,2017,Justin Jackson,203,1628382,False,Jackson,F,2023,99
19,2006-05-29,api_cached,Kasparas,2025,Kasparas Jakučionis,195,1642857,True,Jakučionis,G,2025,90
21,2004-10-06,api_cached,Bronny,2024,Bronny James,187,1642355,True,James,G,2025,95
29,1997-01-24,api_cached,Justin,2019,Justin James,200,1629713,False,James,G-F,2020,86
35,1990-08-18,api_cached,Mike,2017,Mike James,185,1628455,False,James,G,2020,79
23,2002-12-04,api_cached,Sion,2025,Sion James,195,1642883,True,James,G,2025,99
28,1998-01-23,api_cached,DeJon,2021,DeJon Jarreau,195,1630610,False,Jarreau,G,2023,83
32,1993-05-07,api_cached,Amile,2017,Amile Jefferson,205,1628518,False,Jefferson,F,2019,100
24,2001-08-17,api_cached,Daniss,2024,Daniss Jenkins,193,1642450,True,Jenkins,G,2025,74
21,2004-12-01,api_cached,AJ,2024,AJ Johnson,195,1642358,True,Johnson,G,2025,160
29,1996-04-22,api_cached,Alize,2018,Alize Johnson,203,1628993,False,Johnson,F,2022,96
30,1995-12-21,api_cached,BJ,2018,BJ Johnson,198,1629168,False,Johnson,F,2021,90
31,1994-06-27,api_cached,Brice,2016,Brice Johnson,208,1627744,False,Johnson,F,2017,104
30,1995-09-22,api_cached,Dakari,2017,Dakari Johnson,213,1626177,False,Johnson,C,2017,115
24,2001-02-26,api_cached,David,2021,David Johnson,193,1630525,False,Johnson,G,2021,92
24,2001-06-23,api_cached,Keshad,2024,Keshad Johnson,198,1642352,True,Johnson,F,2025,102
29,1996-05-29,api_cached,Stanley,2015,Stanley Johnson,198,1626169,False,Johnson,F-G,2022,109
19,2006-03-07,api_cached,Tre,2025,Tre Johnson,195,1642848,True,Johnson,G,2025,86
28,1997-12-23,api_cached,Carlik,2021,Carlik Jones,182,1630637,False,Jones,G,2022,78
68,1957-04-03,api_cached,Charles,1983,Charles Jones,205,279,False,Jones,F-C,1997,97
24,2001-10-04,api_cached,Curtis,2025,Curtis Jones,190,1642938,True,Jones,G,2025,88
24,2001-10-29,api_cached,Dillon,2024,Dillon Jones,195,1641794,False,Jones,F,2025,106
54,1971-10-20,api_cached,Eddie,1994,Eddie Jones,198,224,False,Jones,G-F,2007,90
25,2000-07-11,api_cached,Isaac,2024,Isaac Jones,203,1642403,True,Jones,F,2025,111
32,1993-05-27,api_cached,Jalen,2017,Jalen Jones,200,1627883,False,Jones,F,2018,99
30,1995-04-09,api_cached,Jemerrio,2018,Jemerrio Jones,195,1629203,False,Jones,F,2021,79
23,2002-02-25,api_cached,Kam,2025,Kam Jones,193,1642880,True,Jones,G,2025,90
24,2001-06-14,api_cached,Spencer,2024,Spencer Jones,200,1642461,True,Jones,F,2025,102
24,2001-11-24,api_cached,David,2025,David Jones Garcia,193,1642357,True,Jones Garcia,G,2025,95
28,1997-08-14,api_cached,Mfiondu,2019,Mfiondu Kabengele,208,1629662,False,Kabengele,C,2022,113
27,1999-01-02,api_cached,Georgios,2021,Georgios Kalaitzakis,200,1630686,False,Kalaitzakis,F,2021,87
24,2002-01-17,api_cached,Ryan,2025,Ryan Kalkbrenner,215,1641750,True,Kalkbrenner,C,2025,116
32,1993-04-04,api_cached,Frank,2015,Frank Kaminsky,213,1626163,False,Kaminsky,F-C,2022,108
24,2001-05-02,api_cached,Yuki,2024,Yuki Kawamura,170,1642530,False,Kawamura,G,2025,159
22,2003-08-26,api_cached,Trevor,2022,Trevor Keels,193,1631211,False,Keels,G,2022,100
28,1997-08-26,api_cached,Kylor,2024,Kylor Kelley,213,1630283,False,Kelley,C,2024,97
23,2003-01-26,api_cached,Miles,2025,Miles Kelly,193,1642939,True,Kelly,G,2025,86
33,1992-03-18,api_cached,Stanton,2019,Stanton Kidd,198,1629742,False,Kidd,F,2019,97
32,1994-01-15,api_cached,George,2018,George King,198,1628994,False,King,F-G,2021,99
26,1999-04-06,api_cached,Louis,2019,Louis King,200,1629663,False,King,F,2022,92
22,2003-03-06,api_cached,Bobi,2024,Bobi Klintman,205,1641752,True,Klintman,F,2025,102
24,2001-04-19,api_cached,Dalton,2024,Dalton Knecht,198,1642261,True,Knecht,F,2025,97
28,1997-09-20,api_cached,Nathan,2020,Nathan Knight,203,1630233,False,Knight,F-C,2022,114
26,1999-08-11,api_cached,Kevin,2018,Kevin Knox II,203,1628995,False,Knox II,F,2024,97
20,2005-08-03,api_cached,Kon,2025,Kon Knueppel,198,1642851,True,Knueppel,G-F,2025,97
24,2001-03-27,api_cached,Tyler,2024,Tyler Kolek,187,1642278,True,Kolek,G,2025,88
25,2000-06-20,api_cached,Christian,2022,Christian Koloko,210,1631132,True,Koloko,C,2025,102
28,1997-07-24,api_cached,Furkan,2017,Furkan Korkmaz,200,1627788,False,Korkmaz,G-F,2023,91
28,1998-01-04,api_cached,Arnoldas,2021,Arnoldas Kulboka,208,1629083,False,Kulboka,F,2021,94
28,1998-02-05,api_cached,Rodions,2018,Rodions Kurucs,205,1629066,False,Kurucs,F,2020,103
36,1989-10-19,api_cached,Mindaugas,2016,Mindaugas Kuzminskas,205,1627851,False,Kuzminskas,F,2017,97
29,1996-03-18,api_cached,Skal,2016,Skal Labissiere,208,1627746,False,Labissiere,F-C,2025,106
28,1998-01-20,api_cached,Anthony,2020,Anthony Lamb,198,1630237,False,Lamb,F,2022,102
26,1999-10-25,api_cached,Romeo,2019,Romeo Langford,195,1629641,False,Langford,G-F,2022,97
24,2001-12-19,api_cached,Chaz,2025,Chaz Lanier,190,1642404,True,Lanier,G,2025,93
36,1990-01-31,api_cached,Nicolas,2016,Nicolas Laprovittola,193,1627879,False,Laprovittola,G,2016,81
24,2001-02-23,api_cached,Pelle,2024,Pelle Larsson,195,1641796,True,Larsson,G,2025,97
30,1995-12-19,api_cached,Vic,2019,Vic Law,200,1629724,False,Law,F,2019,91
31,1994-03-07,api_cached,Jake,2016,Jake Layman,203,1627774,False,Layman,F,2021,94
28,1997-04-30,api_cached,T.J.,2017,T.J. Leaf,208,1628388,False,Leaf,F,2020,100
25,2000-06-13,api_cached,Jalen,2019,Jalen Lecque,193,1629665,False,Lecque,G,2020,83
33,1992-07-26,api_cached,Walt,2017,Walt Lemon Jr.,190,1627215,False,Lemon Jr.,G,2018,81
26,1999-09-23,api_cached,Malevy,2024,Malevy Leons,205,1642502,False,Leons,F,2025,95
23,2002-04-12,api_cached,Justin,2022,Justin Lewis,200,1631171,False,Lewis,F,2022,111
25,2000-03-12,api_cached,Scottie,2021,Scottie Lewis,195,1630575,False,Lewis,G,2021,83
27,1998-07-28,api_cached,Isaiah,2021,Isaiah Livers,198,1630587,True,Livers,F,2025,105
33,1992-11-18,api_cached,Zach,2018,Zach Lofton,193,1629155,False,Lofton,G,2018,81
33,1993-01-29,api_cached,Shawn,2016,Shawn Long,205,1627848,False,Long,F,2016,115
26,1999-07-02,api_cached,Didi,2020,Didi Louzada,195,1629712,False,Louzada,G,2021,85
24,2001-09-27,api_cached,Caleb,2025,Caleb Love,190,1631126,True,Love,G,2025,96
32,1993-07-27,api_cached,Jordan,2018,Jordan Loyd,193,1628070,False,Loyd,G,2018,95
31,1994-12-04,api_cached,Gabriel,2021,Gabriel Lundberg,193,1630994,False,Lundberg,G,2021,92
30,1995-05-09,api_cached,Timothe,2016,Timothe Luwawu-Cabarrot,200,1627789,False,Luwawu-Cabarrot,G-F,2021,97
29,1996-04-09,api_cached,Tyler,2017,Tyler Lydon,208,1628399,False,Lydon,F,2018,102
33,1992-12-21,api_cached,Sheldon,2016,Sheldon Mac,198,1627815,False,Mac,G-F,2016,90
30,1995-11-29,api_cached,Daryl,2018,Daryl Macon,187,1629133,False,Macon,G,2019,83
30,1995-06-05,api_cached,J.P.,2018,J.P. Macura,193,1629122,False,Macura,G,2019,92
27,1998-06-10,api_cached,Will,2020,Will Magnay,208,1630266,False,Magnay,C,2020,106
28,1997-02-25,api_cached,Thon,2016,Thon Maker,213,1627748,False,Maker,F-C,2020,100
24,2001-06-12,api_cached,Theo,2020,Theo Maledon,193,1630177,False,Maledon,G,2023,79
19,2006-09-14,api_cached,Khaman,2025,Khaman Maluach,215,1642863,True,Maluach,C,2025,113
25,2000-05-16,api_cached,Karim,2020,Karim Mane,190,1630211,False,Mane,G,2020,86
24,2001-03-14,api_cached,Nico,2020,Nico Mannion,187,1630185,False,Mannion,G,2020,86
24,2001-12-26,api_cached,Alijah,2025,Alijah Martin,187,1642918,True,Martin,G,2025,95
31,1994-05-24,api_cached,Jarell,2015,Jarell Martin,208,1626185,False,Martin,F,2018,108
29,1996-06-19,api_cached,Jeremiah,2019,Jeremiah Martin,187,1629725,False,Martin,G,2020,83
30,1995-08-03,api_cached,Kelan,2019,Kelan Martin,195,1629103,False,Martin,F,2021,104
26,1999-03-07,api_cached,Tyrese,2022,Tyrese Martin,198,1631213,True,Martin,F,2025,97
31,1994-04-03,api_cached,Frank,2017,Frank Mason III,180,1628412,False,Mason III,G,2020,86
29,1996-08-14,api_cached,Yante,2018,Yante Maten,203,1628999,False,Maten,F,2018,108
33,1992-10-08,api_cached,Mangok,2017,Mangok Mathiang,208,1628493,False,Mathiang,F-C,2017,104
30,1995-07-11,api_cached,Dakota,2020,Dakota Mathias,193,1629751,False,Mathias,G,2021,90
24,2001-03-30,api_cached,Karlo,2024,Karlo Matković,208,1631255,True,Matković,F-C,2025,104
24,2001-12-09,api_cached,Chris,2025,Chris Mañon,193,1643024,True,Mañon,G,2025,94
21,2004-02-20,api_cached,Jared,2024,Jared McCain,190,1642272,True,McCain,G,2025,88
31,1994-08-17,api_cached,Tahjere,2018,Tahjere McCall,195,1628769,False,McCall,G,2018,86
30,1995-10-25,api_cached,Patrick,2016,Patrick McCaw,200,1627775,False,McCaw,G,2020,82
27,1999-01-06,api_cached,Mac,2021,Mac McClung,187,1630644,True,McClung,G,2025,83
32,1993-12-20,api_cached,Erik,2017,Erik McCree,203,1628571,False,McCree,F,2017,102
24,2001-03-15,api_cached,Kevin,2024,Kevin McCullar Jr.,198,1641755,True,McCullar Jr.,G,2025,95
31,1995-02-05,api_cached,Chris,2015,Chris McCullough,205,1626191,False,McCullough,F,2017,97
29,1996-11-03,api_cached,Sean,2020,Sean McDermott,198,1630253,False,McDermott,F,2020,88
28,1997-09-30,api_cached,Cameron,2021,Cameron McGriff,200,1630787,False,McGriff,F,2021,99
33,1992-09-17,api_cached,Alfonzo,2017,Alfonzo McKinnie,200,1628035,False,McKinnie,F,2021,97
28,1998-01-29,api_cached,JaQuori,2021,JaQuori McLaughlin,193,1630605,False,McLaughlin,G,2021,86
20,2005-10-10,api_cached,Liam,2025,Liam McNeeley,200,1642862,True,McNeeley,F,2025,95
29,1996-06-27,api_cached,Jack,2024,Jack McVeigh,203,1629098,False,McVeigh,G-F,2024,97
39,1986-06-15,api_cached,Salah,2015,Salah Mejri,218,1626257,False,Mejri,C,2018,106
35,1991-01-26,api_cached,Nicolo,2019,Nicolo Melli,205,1629740,False,Melli,F,2020,107
27,1998-04-09,api_cached,Nathan,2023,Nathan Mensah,205,1641877,False,Mensah,C,2023,104
31,1994-07-09,api_cached,Jordan,2015,Jordan Mickey,203,1626175,False,Mickey,C-F,2017,106
31,1995-01-05,api_cached,Eric,2019,Eric Mika,208,1628450,False,Mika,C-F,2019,105
25,2000-06-19,api_cached,Emanuel,2024,Emanuel Miller,195,1641801,True,Miller,F,2025,97
32,1993-03-06,api_cached,Malcolm,2017,Malcolm Miller,200,1626259,False,Miller,G-F,2019,95
60,1965-08-24,api_cached,Reggie,1987,Reggie Miller,200,397,False,Miller,G,2004,88
25,2000-09-22,api_cached,Riley,2024,Riley Minix,200,1642434,True,Minix,F,2025,104
21,2004-05-14,api_cached,Yves,2024,Yves Missi,210,1642274,True,Missi,C,2025,106
23,2002-06-25,api_cached,Ajay,2024,Ajay Mitchell,193,1642349,True,Mitchell,G,2025,86
32,1993-08-03,api_cached,Naz,2017,Naz Mitrou-Long,190,1628513,False,Mitrou-Long,G,2019,98
24,2001-10-29,api_cached,Jonathan,2024,Jonathan Mogbo,205,1642367,True,Mogbo,F,2025,102
27,1998-07-18,api_cached,Adam,2019,Adam Mokoka,193,1629690,False,Mokoka,G,2020,86
30,1995-12-24,api_cached,Chima,2022,Chima Moneke,195,1631320,False,Moneke,F,2022,101
32,1993-04-06,api_cached,Luis,2015,Luis Montero,200,1626242,False,Montero,G,2017,90
31,1995-02-07,api_cached,Matt,2019,Matt Mooney,187,1629760,False,Mooney,G,2021,90
30,1995-05-13,api_cached,Ben,2017,Ben Moore,203,1628500,False,Moore,F,2018,99
27,1998-06-29,api_cached,Taze,2023,Taze Moore,195,1631386,False,Moore,G,2024,88
28,1997-04-17,api_cached,Juwan,2019,Juwan Morgan,200,1629752,False,Morgan,F,2021,105
30,1995-09-19,api_cached,Jaylen,2017,Jaylen Morris,195,1628537,False,Morris,G,2021,83
30,1995-05-04,api_cached,Johnathan,2017,Johnathan Motley,203,1628405,False,Motley,F,2019,104
29,1996-03-05,api_cached,Emmanuel,2015,Emmanuel Mudiay,190,1626144,False,Mudiay,G,2021,90
31,1994-06-12,api_cached,Mychal,2019,Mychal Mulder,190,1628539,False,Mulder,G,2021,88
28,1998-01-29,api_cached,Ade,2021,Ade Murkey,195,1630278,False,Murkey,G,2021,90
20,2005-06-10,api_cached,Collin,2025,Collin Murray-Boyles,200,1642867,True,Murray-Boyles,F,2025,111
26,1999-05-08,api_cached,Dzanan,2018,Dzanan Musa,205,1629058,False,Musa,G-F,2019,98
59,1966-06-25,api_cached,Dikembe,1991,Dikembe Mutombo,218,87,False,Mutombo,C,2008,117
32,1993-09-25,api_cached,Abdel,2017,Abdel Nader,195,1627846,False,Nader,F,2021,102
33,1992-06-18,api_cached,Maurice,2016,Maurice Ndour,205,1626254,False,Ndour,F,2016,90
22,2003-03-10,api_cached,Ryan,2025,Ryan Nembhard,180,1642948,True,Nembhard,G,2025,81
26,1999-03-22,api_cached,Ruben,2021,Ruben Nembhard Jr.,193,1630612,False,Nembhard Jr.,G,2021,90
20,2005-10-05,api_cached,Asa,2025,Asa Newell,208,1642854,True,Newell,F,2025,99
28,1997-02-21,api_cached,Malik,2019,Malik Newman,190,1629005,False,Newman,G,2021,86
24,2001-04-26,api_cached,Tristen,2024,Tristen Newton,195,1641803,False,Newton,G,2025,86
22,2003-03-14,api_cached,Yanic Konan,2025,Yanic Konan Niederhäuser,210,1642949,True,Niederhäuser,C,2025,109
25,2000-04-15,api_cached,Miles,2024,Miles Norris,200,1641936,False,Norris,F,2024,99
28,1997-12-09,api_cached,Zach,2019,Zach Norvell Jr.,195,1629668,False,Norvell Jr.,G-F,2019,92
26,1999-07-09,api_cached,Jaylen,2019,Jaylen Nowell,193,1629669,False,Nowell,G,2024,91
26,1999-12-25,api_cached,Markquis,2023,Markquis Nowell,170,1641806,False,Nowell,G,2023,160
27,1998-07-28,api_cached,Frank,2017,Frank Ntilikina,193,1628373,False,Ntilikina,G,2023,90
30,1995-08-03,api_cached,Kendrick,2018,Kendrick Nunn,190,1629134,False,Nunn,G,2022,86
33,1993-01-14,api_cached,David,2016,David Nwaba,195,1628021,False,Nwaba,G-F,2021,99
33,1992-04-08,api_cached,JJ,2015,JJ O'Brien,200,1626266,False,O'Brien,F,2015,99
32,1993-12-15,api_cached,Daniel,2016,Daniel Ochefu,210,1627849,False,Ochefu,F,2016,111
31,1994-12-05,api_cached,Semi,2017,Semi Ojeleye,198,1628400,False,Ojeleye,F,2021,108
30,1995-12-15,api_cached,Jahlil,2015,Jahlil Okafor,208,1626143,False,Okafor,C-F,2024,122
28,1997-10-23,api_cached,Elie,2018,Elie Okobo,190,1629059,False,Okobo,F-G,2019,86
26,1999-04-28,api_cached,KZ,2019,KZ Okpala,203,1629644,False,Okpala,F-G,2022,97
22,2003-12-30,api_cached,Lachlan,2025,Lachlan Olbrich,203,1642950,True,Olbrich,C,2025,107
24,2001-05-27,api_cached,Quincy,2024,Quincy Olivari,190,1642439,False,Olivari,G,2024,90
29,1996-07-11,api_cached,Cameron,2020,Cameron Oliver,203,1628419,False,Oliver,F,2021,108
28,1997-08-04,api_cached,Miye,2019,Miye Oni,195,1629671,False,Oni,G-F,2021,93
29,1996-11-01,api_cached,Chinanu,2016,Chinanu Onuaku,208,1627778,False,Onuaku,C,2017,111
26,1999-09-20,api_cached,Daniel,2020,Daniel Oturu,203,1630187,False,Oturu,C,2021,108
30,1995-06-30,api_cached,Tariq,2019,Tariq Owens,208,1629745,False,Owens,F,2019,92
31,1994-07-30,api_cached,Jaysean,2021,Jaysean Paige,187,1629873,False,Paige,G,2021,90
32,1993-09-11,api_cached,Marcus,2017,Marcus Paige,182,1627779,False,Paige,G,2017,74
31,1994-11-13,api_cached,Trayvon,2021,Trayvon Palmer,198,1629309,False,Palmer,G,2021,90
33,1993-01-26,api_cached,Kevin,2021,Kevin Pangos,185,1630698,False,Pangos,G,2021,81
28,1997-07-03,api_cached,Georgios,2016,Georgios Papagiannis,215,1627834,False,Papagiannis,C,2017,108
29,1996-11-04,api_cached,Eric,2019,Eric Paschall,198,1629672,False,Paschall,F,2021,115
30,1995-12-20,api_cached,Anžejs,2019,Anžejs Pasečņiks,215,1628394,False,Pasečņiks,C-F,2020,103
28,1997-06-14,api_cached,Justin,2017,Justin Patton,210,1628383,False,Patton,C,2020,109
57,1968-07-23,api_cached,Gary,1990,Gary Payton,193,56,False,Payton,G,2006,86
24,2001-07-16,api_cached,Micah,2025,Micah Peavy,200,1642877,True,Peavy,G-F,2025,97
21,2005-01-07,api_cached,Noah,2025,Noah Penda,200,1642869,True,Penda,G-F,2025,97
25,2000-08-28,api_cached,Maozinha,2023,Maozinha Pereira,203,1641970,False,Pereira,F,2023,80
31,1994-10-03,api_cached,London,2017,London Perrantes,187,1628506,False,Perrantes,G,2017,86
25,2000-03-21,api_cached,Reggie,2020,Reggie Perry,203,1629617,False,Perry,F-C,2021,113
23,2002-02-27,api_cached,Taelon,2025,Taelon Peter,190,1643007,True,Peter,G,2025,83
30,1995-04-13,api_cached,Alec,2017,Alec Peters,205,1628409,False,Peters,F,2017,106
25,2000-04-15,api_cached,Filip,2023,Filip Petrusev,210,1630196,False,Petrusev,C,2023,102
32,1993-08-10,api_cached,Tarik,2018,Tarik Phillip,190,1629341,False,Phillip,G,2018,88
28,1997-12-24,api_cached,Jamorko,2021,Jamorko Pickett,205,1630691,False,Pickett,F,2021,93
30,1995-11-05,api_cached,Theo,2018,Theo Pinson,200,1629033,False,Pinson,G-F,2022,96
27,1998-08-29,api_cached,Daeqwon,2024,Daeqwon Plowden,193,1631342,True,Plowden,G-F,2025,97
33,1992-07-14,api_cached,Marshall,2016,Marshall Plumlee,213,1627850,False,Plumlee,C,2017,113
32,1993-10-17,api_cached,Vincent,2019,Vincent Poirier,213,1629738,False,Poirier,C-F,2020,106
27,1998-06-29,api_cached,Shamorie,2019,Shamorie Ponds,182,1629044,False,Ponds,G,2019,79
26,1999-05-07,api_cached,Yves,2021,Yves Pons,195,1630582,False,Pons,F,2021,93
26,1999-11-15,api_cached,Jontay,2019,Jontay Porter,208,1629007,False,Porter,C-F,2023,108
25,2000-05-04,api_cached,Kevin,2019,Kevin Porter Jr.,195,1629645,True,Porter Jr.,G-F,2025,92
25,2000-03-21,api_cached,Quinten,2024,Quinten Post,213,1642366,True,Post,C,2025,107
20,2005-09-08,api_cached,Drake,2025,Drake Powell,195,1642962,True,Powell,G-F,2025,88
28,1997-07-07,api_cached,Myles,2021,Myles Powell,187,1629619,False,Powell,G,2021,88
32,1993-09-06,api_cached,Alex,2016,Alex Poythress,205,1627816,False,Poythress,F,2018,106
23,2002-12-24,api_cached,Joshua,2021,Joshua Primo,193,1630563,False,Primo,G,2023,85
21,2004-04-01,api_cached,Tyrese,2025,Tyrese Proctor,193,1642878,True,Proctor,G,2025,83
36,1989-11-10,api_cached,Jacob,2017,Jacob Pullen,185,1626643,False,Pullen,G,2017,90
24,2001-03-03,api_cached,Zyon,2024,Zyon Pullin,193,1642389,False,Pullin,G,2024,93
31,1994-02-14,api_cached,Rodney,2017,Rodney Purvis,193,1628681,False,Purvis,G,2017,92
31,1994-10-27,api_cached,Tim,2016,Tim Quarterman,198,1627817,False,Quarterman,G,2017,86
21,2004-12-27,api_cached,Derik,2025,Derik Queen,205,1642852,True,Queen,C,2025,113
29,1997-02-04,api_cached,Ivan,2017,Ivan Rabb,208,1628397,False,Rabb,F,2018,99
24,2001-06-09,api_cached,Jahmi'us,2020,Jahmi'us Ramsey,190,1630186,False,Ramsey,G,2023,86
33,1993-02-05,api_cached,Chasson,2016,Chasson Randle,187,1626184,False,Randle,G,2020,83
31,1994-04-29,api_cached,Xavier,2017,Xavier Rathan-Mayes,193,1628504,False,Rathan-Mayes,G,2017,94
22,2003-04-07,api_cached,Maxime,2025,Maxime Raynaud,215,1642875,True,Raynaud,C,2025,113
28,1997-06-04,api_cached,Josh,2019,Josh Reaves,193,1629729,False,Reaves,G-F,2019,97
30,1995-06-11,api_cached,Davon,2017,Davon Reed,195,1628432,False,Reed,G,2022,93
26,1999-05-21,api_cached,Alex,2024,Alex Reese,205,1642024,False,Reese,F-C,2024,111
25,2000-11-20,api_cached,Antonio,2024,Antonio Reeves,195,1641810,True,Reeves,G,2025,92
31,1995-02-07,api_cached,Cam,2018,Cam Reynolds,200,1629244,False,Reynolds,F,2020,102
23,2002-12-24,api_cached,Will,2025,Will Richard,190,1642954,True,Richard,G,2025,93
20,2005-10-16,api_cached,Jase,2025,Jase Richardson,185,1642859,True,Richardson,G,2025,81
30,1996-01-05,api_cached,Malachi,2016,Malachi Richardson,198,1627781,False,Richardson,G,2018,92
19,2006-02-10,api_cached,Will,2025,Will Riley,205,1642860,True,Riley,F,2025,81
28,1997-02-08,api_cached,Grant,2020,Grant Riller,187,1630203,False,Riller,G,2020,86
20,2005-04-08,api_cached,Zaccharie,2024,Zaccharie Risacher,203,1642258,True,Risacher,F,2025,90
26,1999-07-12,api_cached,Liam,2024,Liam Robbins,213,1641857,False,Robbins,C,2024,113
30,1995-03-07,api_cached,Devin,2017,Devin Robinson,203,1628421,False,Robinson,F,2018,90
28,1997-10-12,api_cached,Justin,2019,Justin Robinson,185,1629620,False,Robinson,G,2021,88
28,1998-02-03,api_cached,Isaiah,2019,Isaiah Roby,203,1629676,False,Roby,F,2022,104
64,1961-05-13,api_cached,Dennis,1986,Dennis Rodman,200,23,False,Rodman,F,1999,95
29,1997-01-04,api_cached,Jackson,2024,Jackson Rowe,200,1642050,True,Rowe,F,2024,95
20,2005-08-10,api_cached,Tidjane,2024,Tidjane Salaün,208,1642275,True,Salaün,F,2025,93
22,2003-03-26,api_cached,Hunter,2025,Hunter Sallis,193,1642282,True,Sallis,G,2025,83
28,1997-05-01,api_cached,Brandon,2018,Brandon Sampson,195,1629102,False,Sampson,G,2018,83
23,2002-05-30,api_cached,Kobe,2025,Kobe Sanders,203,1642920,True,Sanders,G,2025,93
19,2006-04-14,api_cached,Ben,2025,Ben Saraf,198,1642879,True,Saraf,G,2025,90
20,2005-04-26,api_cached,Alex,2024,Alex Sarr,213,1642259,True,Sarr,C,2025,92
27,1998-06-13,api_cached,Jordan,2021,Jordan Schakel,198,1630648,False,Schakel,G,2022,90
25,2000-09-26,api_cached,Baylor,2024,Baylor Scheierman,198,1631248,True,Scheierman,G,2025,92
57,1968-09-05,api_cached,Dennis,1990,Dennis Scott,203,192,False,Scott,F,1999,103
29,1996-11-25,api_cached,Trevon,2021,Trevon Scott,203,1630286,False,Scott,F,2021,102
25,2000-09-01,api_cached,Jay,2020,Jay Scrubb,195,1630206,False,Scrubb,G,2022,99
23,2002-02-19,api_cached,Mark,2025,Mark Sears,182,1641813,True,Sears,G,2025,83
31,1994-09-30,api_cached,Wayne,2016,Wayne Selden,193,1627782,False,Selden,G,2021,105
25,2000-07-30,api_cached,Terrence,2024,Terrence Shannon Jr.,198,1630545,True,Shannon Jr.,G-F,2025,97
30,1995-07-26,api_cached,Marial,2019,Marial Shayok,195,1629621,False,Shayok,G-F,2019,89
23,2002-07-24,api_cached,Jamal,2024,Jamal Shead,185,1642347,True,Shead,G,2025,90
21,2004-06-24,api_cached,Reed,2024,Reed Sheppard,187,1642263,True,Sheppard,G,2025,83
23,2002-06-25,api_cached,Max,2025,Max Shulga,193,1642917,True,Shulga,G,2025,95
33,1992-08-01,api_cached,Jordan,2018,Jordan Sibert,193,1626296,False,Sibert,G,2018,84
29,1996-09-19,api_cached,Chris,2019,Chris Silva,203,1629735,False,Silva,F,2022,106
28,1997-07-04,api_cached,Kobi,2017,Kobi Simmons,195,1628424,False,Simmons,G,2023,81
26,1999-10-15,api_cached,Marko,2021,Marko Simonovic,213,1630250,False,Simonovic,C,2022,99
23,2002-08-08,api_cached,KJ,2024,KJ Simpson,187,1642354,True,Simpson,G,2025,85
28,1997-02-11,api_cached,Zavier,2021,Zavier Simpson,182,1630285,False,Simpson,G,2023,86
27,1998-12-11,api_cached,Jaylen,2024,Jaylen Sims,198,1631301,False,Sims,G,2024,95
25,2000-06-10,api_cached,Deividas,2020,Deividas Sirvydis,203,1629686,False,Sirvydis,F-G,2021,86
27,1998-05-12,api_cached,Dmytro,2023,Dmytro Skapintsev,215,1631376,False,Skapintsev,C,2023,97
25,2000-08-18,api_cached,Alen,2019,Alen Smailagic,208,1629346,False,Smailagic,F,2020,97
23,2002-12-19,api_cached,Javon,2025,Javon Small,185,1642914,True,Small,G,2025,86
26,1999-06-03,api_cached,Javonte,2021,Javonte Smart,193,1630606,False,Smart,G,2023,92
28,1997-12-30,api_cached,Dru,2022,Dru Smith,187,1630696,True,Smith,G,2025,92
25,2000-07-26,imputed,Tolu,2024,Tolu Smith,210,1642449,True,Smith,F,2025,102
21,2004-11-02,api_cached,Tyler,2023,Tyler Smith,205,1641890,False,Smith,F,2024,101
26,1999-06-04,api_cached,Zhaire,2018,Zhaire Smith,190,1629015,False,Smith,G,2019,92
28,1997-12-21,api_cached,Xavier,2021,Xavier Sneed,195,1630270,False,Sneed,F,2022,97
20,2005-12-25,api_cached,Thomas,2025,Thomas Sorber,205,1642850,True,Sorber,C,2025,113
28,1997-03-11,api_cached,Ray,2018,Ray Spalding,205,1629034,False,Spalding,F,2020,102
28,1997-07-21,api_cached,Omari,2018,Omari Spellman,203,1629016,False,Spellman,F,2019,111
25,2000-04-06,api_cached,Cam,2024,Cam Spencer,190,1642285,True,Spencer,G,2025,92
26,1999-08-18,api_cached,Cassius,2020,Cassius Stanley,195,1630199,False,Stanley,G,2021,86
38,1987-08-07,api_cached,Alex,2015,Alex Stepheson,208,1627293,False,Stepheson,F,2015,122
25,2000-11-01,api_cached,Isaiah,2024,Isaiah Stevens,180,1641815,True,Stevens,G,2025,83
26,1999-07-28,api_cached,DJ,2021,DJ Stewart,195,1630597,False,Stewart,G,2021,92
28,1997-02-10,api_cached,Diamond,2016,Diamond Stone,210,1627754,False,Stone,C,2016,115
30,1995-12-31,api_cached,Edmond,2017,Edmond Sumner,193,1628410,False,Sumner,G,2022,88
28,1997-04-18,api_cached,Caleb,2017,Caleb Swanigan,205,1628403,False,Swanigan,F,2019,117
32,1994-01-16,api_cached,Craig,2021,Craig Sword,190,1628591,False,Sword,G,2021,88
32,1993-12-30,api_cached,Keifer,2021,Keifer Sykes,180,1626208,False,Sykes,G,2021,75
31,1994-07-11,api_cached,Isaiah,2016,Isaiah Taylor,190,1627819,False,Taylor,G,2017,77
26,1999-09-23,api_cached,Terry,2021,Terry Taylor,193,1630678,False,Taylor,F,2024,104
24,2001-04-30,imputed,Jahmyl,2025,Jahmyl Telfort,200,1643141,True,Telfort,G,2025,90
38,1987-03-19,api_cached,Milos,2017,Milos Teodosic,195,1628462,False,Teodosic,G,2018,88
30,1995-02-10,api_cached,Jared,2018,Jared Terrell,190,1629123,False,Terrell,G,2018,102
29,1996-08-21,api_cached,Emanuel,2018,Emanuel Terry,205,1629150,False,Terry,F,2021,99
25,2000-09-28,api_cached,Tyrell,2020,Tyrell Terry,187,1630179,False,Terry,G,2021,160
28,1997-05-04,api_cached,Jon,2021,Jon Teske,215,1630257,False,Teske,C,2021,120
21,2004-05-08,api_cached,Adou,2025,Adou Thiero,200,1642876,True,Thiero,G,2025,99
29,1997-01-28,api_cached,Brodric,2020,Brodric Thomas,195,1630271,False,Thomas,G,2021,83
29,1996-05-08,api_cached,Khyri,2018,Khyri Thomas,190,1629017,False,Thomas,G,2020,95
31,1994-08-04,api_cached,Matt,2019,Matt Thomas,190,1629744,False,Thomas,G,2021,86
26,1999-05-04,api_cached,Ethan,2024,Ethan Thompson,193,1630679,False,Thompson,G,2025,88
31,1994-11-15,api_cached,Sindarius,2017,Sindarius Thornwell,193,1628414,False,Thornwell,G,2020,97
27,1998-03-05,api_cached,Killian,2020,Killian Tillie,205,1629681,False,Tillie,F-C,2021,99
25,2000-09-09,api_cached,Drew,2024,Drew Timme,205,1631166,False,Timme,F,2025,106
31,1994-10-10,api_cached,Mike,2016,Mike Tobey,213,1627861,False,Tobey,C,2016,117
24,2001-10-17,api_cached,Isaiah,2021,Isaiah Todd,205,1630225,False,Todd,F,2022,99
25,2000-12-19,api_cached,Nae'Qwan,2024,Nae'Qwan Tomlin,203,1641772,True,Tomlin,F,2025,95
24,2001-04-23,api_cached,John,2025,John Tonje,193,1642910,True,Tonje,G,2025,98
20,2005-08-10,api_cached,Nikola,2024,Nikola Topić,198,1642260,True,Topić,G,2025,90
32,1993-04-10,api_cached,Juan,2019,Juan Toscano-Anderson,198,1629308,False,Toscano-Anderson,F,2023,94
33,1992-07-23,api_cached,Axel,2015,Axel Toupane,200,1626253,False,Toupane,G-F,2020,95
23,2003-01-23,api_cached,Armel,2024,Armel Traore,205,1642422,False,Traore,F,2024,111
19,2006-05-28,api_cached,Nolan,2025,Nolan Traore,190,1642849,True,Traore,G,2025,83
24,2001-09-03,api_cached,Luke,2024,Luke Travers,198,1631247,True,Travers,F,2025,93
30,1996-01-17,api_cached,Allonzo,2018,Allonzo Trier,193,1629019,False,Trier,G,2019,90
28,1997-09-24,api_cached,Rayjon,2019,Rayjon Tucker,190,1629730,False,Tucker,G,2021,94
23,2002-12-02,api_cached,Jaylon,2024,Jaylon Tyson,198,1642281,True,Tyson,G-F,2025,97
30,1996-01-05,api_cached,Tyler,2016,Tyler Ulis,177,1627755,False,Ulis,G,2018,160
32,1993-05-19,api_cached,Jarrod,2016,Jarrod Uthoff,205,1627784,False,Uthoff,F,2019,99
32,1993-11-16,api_cached,Denzel,2016,Denzel Valentine,193,1627756,False,Valentine,G,2021,99
29,1996-08-16,api_cached,Rashad,2015,Rashad Vaughn,198,1626173,False,Vaughn,G,2017,91
30,1995-08-11,api_cached,Luca,2020,Luca Vildoza,190,1630492,False,Vildoza,G,2021,86
27,1998-03-28,api_cached,MJ,2021,MJ Walker,195,1630640,False,Walker,G,2021,96
26,1999-02-26,api_cached,Keaton,2024,Keaton Wallace,190,1630811,True,Wallace,G,2025,83
31,1994-06-10,api_cached,Tyrone,2017,Tyrone Wallace,195,1627820,False,Wallace,G,2021,89
21,2004-09-04,api_cached,Ja'Kobe,2024,Ja'Kobe Walter,193,1642266,True,Walter,G,2025,81
30,1995-04-03,api_cached,Derrick,2017,Derrick Walton Jr.,182,1628476,False,Walton Jr.,G,2021,83
21,2004-04-20,api_cached,Kel'el,2024,Kel'el Ware,213,1642276,True,Ware,C,2025,104
32,1994-01-31,api_cached,Jameel,2017,Jameel Warney,203,1627866,False,Warney,F,2017,117
34,1991-12-18,api_cached,Julian,2018,Julian Washburn,203,1627395,False,Washburn,F-G,2018,94
28,1998-01-10,api_cached,Tremont,2019,Tremont Waters,177,1629682,False,Waters,G,2021,79
24,2001-07-06,api_cached,Jamir,2025,Jamir Watkins,198,1642364,True,Watkins,F,2025,95
25,2000-10-06,api_cached,Anton,2024,Anton Watson,203,1641817,False,Watson,F,2024,102
31,1994-12-30,api_cached,Paul,2019,Paul Watson,198,1628778,False,Watson,G,2021,95
29,1996-09-10,api_cached,Quinndary,2019,Quinndary Weatherspoon,190,1629683,False,Weatherspoon,G,2021,92
32,1993-08-19,api_cached,James,2017,James Webb III,205,1627821,False,Webb III,F,2017,91
33,1992-12-29,api_cached,Briante,2015,Briante Weber,187,1627362,False,Weber,G,2017,74
22,2003-08-26,imputed,Jaylen,2024,Jaylen Wells,200,1642377,True,Wells,F,2025,102
30,1996-02-03,api_cached,Thomas,2018,Thomas Welsh,213,1629118,False,Welsh,C,2018,115
23,2002-04-23,api_cached,Phillip,2024,Phillip Wheeler,203,1630762,False,Wheeler,F,2024,83
28,1997-08-05,api_cached,Jack,2022,Jack White,198,1631298,False,White,F,2023,102
33,1992-08-13,api_cached,Okaro,2016,Okaro White,203,1627855,False,White,F,2018,92
32,1993-06-16,api_cached,Andrew,2017,Andrew White III,200,1628510,False,White III,F,2017,95
30,1995-03-08,api_cached,Isaiah,2016,Isaiah Whitehead,193,1627785,False,Whitehead,G,2018,96
26,1999-08-23,api_cached,Joe,2021,Joe Wieskamp,198,1630580,False,Wieskamp,G-F,2022,92
27,1998-03-28,api_cached,Lindell,2021,Lindell Wigginton,185,1629623,False,Wigginton,G,2023,85
31,1994-09-04,api_cached,Jacob,2017,Jacob Wiley,203,1628451,False,Wiley,F,2017,101
33,1993-01-28,api_cached,Alan,2015,Alan Williams,203,1626210,False,Williams,F-C,2018,120
24,2002-01-28,api_cached,Amari,2025,Amari Williams,210,1642873,True,Williams,F-C,2025,113
21,2004-11-20,api_cached,Cody,2024,Cody Williams,203,1642262,True,Williams,F,2025,86
24,2001-09-06,api_cached,Donovan,2022,Donovan Williams,198,1631495,False,Williams,G,2022,86
30,1995-05-22,api_cached,Johnathan,2018,Johnathan Williams,205,1629140,False,Williams,F,2019,103
31,1994-12-30,api_cached,Troy,2016,Troy Williams,200,1627786,False,Williams,F,2018,98
32,1993-10-14,api_cached,Matt,2017,Matt Williams Jr.,195,1628475,False,Williams Jr.,G,2017,95
31,1994-09-16,api_cached,Nigel,2019,Nigel Williams-Goss,187,1628430,False,Williams-Goss,G,2019,86
29,1996-02-19,api_cached,D.J.,2017,D.J. Wilson,208,1628391,False,Wilson,F,2023,104
33,1992-10-20,api_cached,Kyle,2016,Kyle Wiltjer,208,1627787,False,Wiltjer,F,2016,108
29,1996-03-26,api_cached,Justise,2015,Justise Winslow,198,1626159,False,Winslow,F-G,2022,100
27,1998-02-28,api_cached,Cassius,2020,Cassius Winston,185,1630216,False,Winston,G,2021,83
21,2004-05-05,api_cached,Danny,2025,Danny Wolf,210,1642874,True,Wolf,F,2025,113
26,1999-09-22,api_cached,Robert,2020,Robert Woodard II,198,1630218,False,Woodard II,F,2021,106
27,1998-04-17,api_cached,Kenny,2019,Kenny Wooten,203,1629624,False,Wooten,F,2019,106
27,1998-12-23,api_cached,Moses,2021,Moses Wright,203,1630589,False,Wright,F,2021,102
27,1998-10-25,api_cached,McKinley,2021,McKinley Wright IV,180,1630593,False,Wright IV,G,2022,87
28,1997-10-27,api_cached,Justin,2019,Justin Wright-Foreman,182,1629625,False,Wright-Foreman,G,2019,86
30,1995-12-17,api_cached,Guerschon,2016,Guerschon Yabusele,200,1627824,True,Yabusele,F,2025,120
20,2005-06-26,api_cached,,2025,Yang Hansen,215,1642905,True,Yang Hansen,C,2025,122
32,1993-08-02,api_cached,Gabe,2021,Gabe York,190,1628221,False,York,G,2022,86
25,2000-10-07,api_cached,Jahmir,2024,Jahmir Young,182,1642443,True,Young,G,2025,83
33,1992-06-27,api_cached,Joe,2015,Joe Young,187,1626202,False,Young,G,2017,83
23,2002-02-09,imputed,Chris,2025,Chris Youngblood,193,1642959,True,Youngblood,G,2025,90
30,1996-01-16,api_cached,Qi,2017,Zhou Qi,215,1627753,False,Zhou,F-C,2018,95
19,2006-07-11,api_cached,Rocco,2025,Rocco Zikarsky,220,1642911,True,Zikarsky,C,2025,102
29,1996-09-09,api_cached,Stephen,2016,Stephen Zimmerman,213,1627757,False,Zimmerman,C,2016,108
31,1994-02-18,api_cached,Paul,2016,Paul Zipser,203,1627835,False,Zipser,F,2017,102
29,1997-01-04,api_cached,Ante,2017,Ante Zizic,208,1627790,False,Zizic,C,2019,120
24,2001-05-15,api_cached,Tristan,2024,Tristan da Silva,203,1641783,True,da Silva,F,2025,98
21,2004-02-23,api_cached,Nikola,2025,Nikola Đurišić,203,1642365,True,Đurišić,G,2025,97
